{"schemaVersion":"1.0","appDefinitionTemplate":{"id":"/providers/Microsoft.PowerApps/apps/","type":"Microsoft.PowerApps/apps","tags":{"primaryDeviceWidth":"640","primaryDeviceHeight":"1136","supportsPortrait":"true","supportsLandscape":"true","primaryFormFactor":"Phone","showStatusBar":"false","publisherVersion":"3.24081.10","minimumRequiredApiVersion":"2.2.0","hasComponent":"false","hasUnlockedComponent":"false","isUnifiedRootApp":"false","sienaVersion":"20240815T174803Z-3.24081.10.0"},"properties":{"appVersion":"2024-08-15T17:48:03Z","lifeCycleId":"Published","createdByClientVersion":{"major":3,"minor":24081,"build":10,"revision":0,"majorRevision":0,"minorRevision":0},"minClientVersion":{"major":3,"minor":24081,"build":10,"revision":0,"majorRevision":0,"minorRevision":0},"backgroundColor":"RGBA(0,176,240,1)","backgroundImageUri":"/2870829472077812071/Nbc091256-24ba-4b97-8a32-bb6a82fa1c55-logoSmallFile","displayName":"Aplicativo Power Apps - Cadastro Offline Sharepoint","description":"","commitMessage":"","appUris":{"documentUri":{"value":"/2870829472077812071/Ncd855df0-ee7f-4eaf-a4f8-bdbdea49e587-document.msapp"},"imageUris":[],"additionalUris":[{"isSolutionAware":false,"value":"/2870829472077812071/Nefcb4b51-2306-4d0c-a75c-c6c74ac56dbb-identity.json"}]},"createdTime":"0001-01-01T00:00:00Z","lastModifiedTime":"0001-01-01T00:00:00Z","sharedGroupsCount":0,"sharedUsersCount":0,"connectionReferences":{"ea3fe4f0-6d6f-484a-8a31-b93692fe405f":{"id":"4bdc61ca-ce89-4609-b482-774d94b8b808","displayName":"SharePoint","iconUri":"https://connectoricons-prod.azureedge.net/u/jayawan/releases/v1.0.1697/1.0.1697.3786/sharepointonline/icon.png","dataSources":["teste_lista_offline"],"dependencies":[],"dependents":[],"parameterHints":{},"parameterHintsV2":{},"isOnPremiseConnection":false,"bypassConsent":false,"dataSets":{"https://camposdasilva.sharepoint.com/sites/Lista-CaseAplicativooffline":{"dataSources":{"teste_lista_offline":{"tableName":"57d118bd-bd69-423d-a9d2-35f51709ca74"}}}},"apiTier":"Standard","isCustomApiConnection":false,"actions":["providers/PowerPlatform.Governance/Operations/Read","providers/PowerPlatform.Governance/Operations/Write","providers/PowerPlatform.Governance/Operations/Delete"]}},"databaseReferences":{},"almMode":"Environment","performanceOptimizationEnabled":true,"canConsumeAppPass":true,"enableModernRuntimeMode":false,"executionRestrictions":{"isTeamsOnly":false,"dataLossPreventionEvaluationResult":{"status":"Compliant","lastEvaluationDate":"2024-08-14T21:31:42.9416299Z","violations":[],"violationsByPolicy":[],"violationErrorMessage":"O aplicativo usa os seguintes conectores: shared_sharepointonline."}}},"appType":"ClassicCanvasApp","appComponents":[]}}